Team,Season,Playoff,W,L,MOV,ORtg,DRtg,NRtg,Pace,FTr
Milwaukee Bucks,2019-20,0,56,17,10.08,112.98,103.36,9.62,NA,NA
Los Angeles Clippers,2019-20,0,49,23,6.44,114.66,108.25,6.41,NA,NA
Los Angeles Lakers,2019-20,0,52,19,5.79,112.78,107.14,5.65,NA,NA
Toronto Raptors,2019-20,0,53,19,6.24,112.02,105.85,6.18,NA,NA
Boston Celtics,2019-20,0,48,24,6.31,114.14,107.79,6.35,NA,NA
Dallas Mavericks,2019-20,0,43,32,4.95,117.5,112.53,4.97,NA,NA
Houston Rockets,2019-20,0,44,28,2.96,113.71,110.82,2.89,NA,NA
Utah Jazz,2019-20,0,44,28,2.47,113.14,110.48,2.66,NA,NA
Miami Heat,2019-20,0,44,29,2.95,113.29,110.36,2.93,NA,NA
Oklahoma City Thunder,2019-20,0,44,28,1.99,111.74,109.66,2.09,NA,NA
Denver Nuggets,2019-20,0,46,27,2.11,114.06,111.9,2.15,NA,NA
Philadelphia 76ers,2019-20,0,43,30,2.38,112.09,109.77,2.32,NA,NA
Indiana Pacers,2019-20,0,45,28,1.96,110.9,108.77,2.12,NA,NA
Phoenix Suns,2019-20,0,34,39,0.22,112.38,112.27,0.11,NA,NA
New Orleans Pelicans,2019-20,0,30,42,-1.29,111.42,112.62,-1.2,NA,NA
Portland Trail Blazers,2019-20,0,35,39,-1.15,114.26,115.41,-1.15,NA,NA
San Antonio Spurs,2019-20,0,32,39,-1.11,112.98,114.17,-1.2,NA,NA
Memphis Grizzlies,2019-20,0,34,39,-1.07,109.97,110.91,-0.94,NA,NA
Brooklyn Nets,2019-20,0,35,37,-0.57,109.68,110.25,-0.57,NA,NA
Orlando Magic,2019-20,0,33,40,-1.01,109.1,110.28,-1.18,NA,NA
Sacramento Kings,2019-20,0,31,41,-2.04,111.09,113.03,-1.94,NA,NA
Minnesota Timberwolves,2019-20,0,19,45,-4.3,108.91,113.03,-4.12,NA,NA
Chicago Bulls,2019-20,0,22,43,-3.08,107.6,110.74,-3.14,NA,NA
Detroit Pistons,2019-20,0,20,46,-3.56,109.96,113.59,-3.63,NA,NA
Washington Wizards,2019-20,0,25,47,-4.67,111.69,116.16,-4.46,NA,NA
New York Knicks,2019-20,0,21,45,-6.45,107.1,113.52,-6.42,NA,NA
Charlotte Hornets,2019-20,0,23,42,-6.75,107.32,114.21,-6.89,NA,NA
Atlanta Hawks,2019-20,0,20,47,-7.97,107.86,115.47,-7.61,NA,NA
Cleveland Cavaliers,2019-20,0,19,46,-7.89,108.14,116.2,-8.05,NA,NA
Golden State Warriors,2019-20,0,15,50,-8.71,105.93,114.66,-8.74,NA,NA
Utah Jazz,2020-21,0,52,20,9.25,118.42,108.94,9.48,NA,NA
Los Angeles Clippers,2020-21,0,47,25,6.18,118.39,112.13,6.26,NA,NA
Phoenix Suns,2020-21,0,51,21,5.82,118.01,112.14,5.87,NA,NA
Milwaukee Bucks,2020-21,0,46,26,5.89,117.68,112.03,5.65,NA,NA
Philadelphia 76ers,2020-21,0,49,23,5.58,114.13,108.51,5.62,NA,NA
Denver Nuggets,2020-21,0,47,25,4.93,118.04,113.01,5.03,NA,NA
Brooklyn Nets,2020-21,0,48,24,4.5,118.91,114.4,4.52,NA,NA
Los Angeles Lakers,2020-21,0,42,30,2.79,110.52,107.84,2.68,NA,NA
Dallas Mavericks,2020-21,0,42,30,2.26,116.16,113.79,2.37,NA,NA
New York Knicks,2020-21,0,41,31,2.31,111.38,108.97,2.41,NA,NA
Atlanta Hawks,2020-21,0,41,31,2.32,116.28,113.89,2.38,NA,NA
Portland Trail Blazers,2020-21,0,42,30,1.79,118.28,116.58,1.7,NA,NA
Boston Celtics,2020-21,0,36,36,1.46,114.66,113.29,1.37,NA,NA
Golden State Warriors,2020-21,0,39,33,1.06,111.74,110.65,1.09,NA,NA
Memphis Grizzlies,2020-21,0,38,34,1.03,112.77,111.77,1,NA,NA
Miami Heat,2020-21,0,40,32,0.03,112.12,111.98,0.13,NA,NA
Indiana Pacers,2020-21,0,34,38,-0.04,112.98,112.96,0.02,NA,NA
New Orleans Pelicans,2020-21,0,31,41,-0.29,114.47,114.78,-0.32,NA,NA
Toronto Raptors,2020-21,0,27,45,-0.47,112.96,113.44,-0.48,NA,NA
Chicago Bulls,2020-21,0,31,41,-0.89,111.9,112.81,-0.91,NA,NA
San Antonio Spurs,2020-21,0,33,39,-1.74,111.61,113.35,-1.74,NA,NA
Washington Wizards,2020-21,0,34,38,-1.83,111.75,113.63,-1.88,NA,NA
Charlotte Hornets,2020-21,0,33,39,-1.93,111.62,113.69,-2.07,NA,NA
Sacramento Kings,2020-21,0,31,41,-3.68,114.4,118,-3.6,NA,NA
Detroit Pistons,2020-21,0,20,52,-4.47,108.9,113.53,-4.63,NA,NA
Minnesota Timberwolves,2020-21,0,23,49,-5.56,110.18,115.55,-5.36,NA,NA
Houston Rockets,2020-21,0,17,55,-7.9,107.85,115.69,-7.84,NA,NA
Cleveland Cavaliers,2020-21,0,22,50,-8.44,106.85,115.65,-8.8,NA,NA
Orlando Magic,2020-21,0,21,51,-9.31,105.74,115.22,-9.48,NA,NA
Oklahoma City Thunder,2020-21,0,22,50,-10.64,104.32,114.8,-10.48,NA,NA
Boston Celtics,2021-22,0,51,31,7.28,115.37,107.71,7.66,NA,NA
Phoenix Suns,2021-22,0,64,18,7.5,115.65,108.17,7.48,NA,NA
Utah Jazz,2021-22,0,49,33,6.04,117.68,111.52,6.16,NA,NA
Golden State Warriors,2021-22,0,53,29,5.54,113.33,107.68,5.65,NA,NA
Memphis Grizzlies,2021-22,0,56,26,5.68,115.5,109.94,5.56,NA,NA
Miami Heat,2021-22,0,53,29,4.45,114.83,110.21,4.62,NA,NA
Dallas Mavericks,2021-22,0,52,30,3.3,113.82,110.27,3.55,NA,NA
Milwaukee Bucks,2021-22,0,51,31,3.35,115.86,112.56,3.31,NA,NA
Philadelphia 76ers,2021-22,0,51,31,2.61,114.39,111.8,2.59,NA,NA
Toronto Raptors,2021-22,0,48,34,2.29,113.93,111.55,2.38,NA,NA
Minnesota Timberwolves,2021-22,0,46,36,2.63,115.15,112.6,2.54,NA,NA
Denver Nuggets,2021-22,0,48,34,2.3,115.21,112.88,2.33,NA,NA
Cleveland Cavaliers,2021-22,0,44,38,2.12,112.92,110.79,2.13,NA,NA
Atlanta Hawks,2021-22,0,43,39,1.56,117.29,115.71,1.58,NA,NA
Brooklyn Nets,2021-22,0,44,38,0.78,114.69,113.93,0.76,NA,NA
Charlotte Hornets,2021-22,0,43,39,0.44,114.94,114.44,0.5,NA,NA
New York Knicks,2021-22,0,37,45,-0.12,111.47,111.55,-0.08,NA,NA
Los Angeles Clippers,2021-22,0,42,40,0.02,110.86,110.92,-0.06,NA,NA
San Antonio Spurs,2021-22,0,34,48,0.12,113.04,113,0.03,NA,NA
Chicago Bulls,2021-22,0,46,36,-0.39,114.07,114.55,-0.48,NA,NA
New Orleans Pelicans,2021-22,0,36,46,-0.99,112.84,113.82,-0.98,NA,NA
Los Angeles Lakers,2021-22,0,33,49,-3.05,111.15,114.17,-3.02,NA,NA
Indiana Pacers,2021-22,0,25,57,-3.48,113.6,117.11,-3.51,NA,NA
Washington Wizards,2021-22,0,35,47,-3.38,111.72,115.33,-3.61,NA,NA
Sacramento Kings,2021-22,0,30,52,-5.46,110.69,116.28,-5.59,NA,NA
Detroit Pistons,2021-22,0,23,59,-7.72,106.96,114.67,-7.71,NA,NA
Orlando Magic,2021-22,0,22,60,-8,105.25,113.25,-8,NA,NA
Oklahoma City Thunder,2021-22,0,24,58,-8.1,105.25,113.42,-8.18,NA,NA
Houston Rockets,2021-22,0,20,62,-8.48,109.28,117.77,-8.49,NA,NA
Portland Trail Blazers,2021-22,0,27,55,-8.88,108.8,117.93,-9.13,NA,NA
Boston Celtics,2022-23,1,57,25,6.52,118,111.5,6.5,98.5,0.243
Cleveland Cavaliers,2022-23,1,51,31,5.38,116.1,110.6,5.5,95.7,0.264
Philadelphia 76ers,2022-23,1,54,28,4.32,117.7,113.3,4.4,96.9,0.3
Memphis Grizzlies,2022-23,1,51,31,3.94,115.1,111.2,3.9,101.1,0.259
Milwaukee Bucks,2022-23,1,58,24,3.63,115.4,111.9,3.5,100.5,0.248
Denver Nuggets,2022-23,1,53,29,3.33,117.6,114.2,3.4,98.1,0.259
New York Knicks,2022-23,1,47,35,2.93,117.8,114.8,3,97.1,0.285
Sacramento Kings,2022-23,1,48,34,2.65,119.4,116.8,2.6,100.3,0.284
Phoenix Suns,2022-23,1,45,37,2.07,115.1,113,2.1,98.2,0.241
New Orleans Pelicans,2022-23,0,42,40,1.89,114.4,112.5,1.9,99.1,0.279
Golden State Warriors,2022-23,1,44,38,1.8,116.1,114.4,1.7,101.6,0.224
Toronto Raptors,2022-23,0,41,41,1.48,115.5,114,1.5,97.1,0.257
Chicago Bulls,2022-23,0,40,42,1.29,113.5,112.2,1.3,98.5,0.251
Oklahoma City Thunder,2022-23,0,40,42,1.09,115.2,114.2,1,101.1,0.256
Brooklyn Nets,2022-23,1,45,37,0.85,115,114.1,0.9,98.3,0.26
Los Angeles Lakers,2022-23,1,43,39,0.57,114.5,113.9,0.6,101.3,0.299
Los Angeles Clippers,2022-23,1,44,38,0.5,115,114.5,0.5,98,0.278
Atlanta Hawks,2022-23,1,41,41,0.29,116.6,116.3,0.3,100.7,0.244
Dallas Mavericks,2022-23,0,38,44,0.07,116.8,116.7,0.1,96.6,0.298
Minnesota Timberwolves,2022-23,1,42,40,-0.04,113.7,113.8,-0.1,101,0.271
Miami Heat,2022-23,1,44,38,-0.32,113,113.3,-0.3,96.3,0.27
Utah Jazz,2022-23,0,37,45,-0.94,115.8,116.7,-0.9,100.5,0.265
Washington Wizards,2022-23,0,35,47,-1.21,114.4,115.6,-1.2,98.6,0.258
Orlando Magic,2022-23,0,34,48,-2.56,111.6,114.2,-2.6,99.3,0.29
Indiana Pacers,2022-23,0,35,47,-3.18,114.6,117.7,-3.1,101.1,0.265
Portland Trail Blazers,2022-23,0,33,49,-4.01,114.8,118.8,-4,98.6,0.289
Charlotte Hornets,2022-23,0,27,55,-6.24,109.2,115.3,-6.1,100.8,0.261
Houston Rockets,2022-23,0,22,60,-7.85,111.4,119.3,-7.9,99,0.285
Detroit Pistons,2022-23,0,17,65,-8.22,110.7,118.9,-8.2,99,0.295
San Antonio Spurs,2022-23,0,22,60,-10.04,110.2,120,-9.8,101.6,0.229
Boston Celtics,2023-24,1,64,18,11.34,123.2,111.6,11.6,97.2,0.224
Oklahoma City Thunder,2023-24,1,57,25,7.41,119.5,112.1,7.4,99.8,0.24
Minnesota Timberwolves,2023-24,1,56,26,6.45,115.6,109,6.6,97.1,0.27
Denver Nuggets,2023-24,1,57,25,5.26,118.5,113,5.5,96.8,0.224
New York Knicks,2023-24,1,50,32,4.59,118.2,113.4,4.8,95.2,0.246
New Orleans Pelicans,2023-24,1,49,33,4.41,117.4,112.9,4.5,97.9,0.261
Los Angeles Clippers,2023-24,1,51,31,3.28,118.8,115.4,3.4,97.2,0.256
Philadelphia 76ers,2023-24,1,47,35,3.05,116.9,113.8,3.1,97.5,0.264
Phoenix Suns,2023-24,1,49,33,3.06,117.6,114.6,3,98.3,0.271
Indiana Pacers,2023-24,1,47,35,3.05,121,118,3,101.7,0.222
Golden State Warriors,2023-24,0,46,36,2.61,117.8,115.2,2.6,99.2,0.219
Milwaukee Bucks,2023-24,1,49,33,2.62,118.4,115.8,2.6,99.9,0.27
Cleveland Cavaliers,2023-24,1,48,34,2.41,115.2,112.7,2.5,97.2,0.234
Dallas Mavericks,2023-24,1,50,32,2.21,117.6,115.4,2.2,100.1,0.251
Orlando Magic,2023-24,1,47,35,2.02,113.4,111.3,2.1,96.9,0.287
Miami Heat,2023-24,1,46,36,1.76,114,112.2,1.8,96.2,0.257
Sacramento Kings,2023-24,0,46,36,1.74,116.9,115.2,1.7,98.8,0.229
Houston Rockets,2023-24,0,41,41,1.12,114.5,113.4,1.1,99,0.257
Los Angeles Lakers,2023-24,1,47,35,0.6,115.9,115.3,0.6,100.9,0.276
Chicago Bulls,2023-24,0,39,43,-1.44,114.9,116.3,-1.4,96.3,0.236
Atlanta Hawks,2023-24,0,36,46,-2.18,117.2,119.4,-2.2,100.1,0.251
Brooklyn Nets,2023-24,0,32,50,-2.89,113.2,116.1,-2.9,96.9,0.234
Utah Jazz,2023-24,0,31,51,-4.89,115.5,120.4,-4.9,99.5,0.251
San Antonio Spurs,2023-24,0,22,60,-6.49,110,116.4,-6.4,101.1,0.22
Toronto Raptors,2023-24,0,25,57,-6.44,112.3,118.8,-6.5,99.4,0.241
Memphis Grizzlies,2023-24,0,27,55,-7,107.2,114.3,-7.1,98.2,0.238
Detroit Pistons,2023-24,0,14,68,-9.11,109.7,118.8,-9.1,99.8,0.246
Washington Wizards,2023-24,0,15,67,-9.29,110.5,119.6,-9.1,102.7,0.221
Portland Trail Blazers,2023-24,0,21,61,-9.02,108.3,117.5,-9.2,97.2,0.228
Charlotte Hornets,2023-24,0,21,61,-10.24,109.3,119.8,-10.5,97.3,0.212
Oklahoma City Thunder,2024-25,1,68,14,12.87,120.3,107.5,12.8,100,0.22
Boston Celtics,2024-25,1,61,21,9.11,120.6,111.1,9.5,95.7,0.212
Cleveland Cavaliers,2024-25,1,64,18,9.54,121.7,112.2,9.5,99.8,0.241
Minnesota Timberwolves,2024-25,1,49,33,5,116.6,111.5,5.1,97.3,0.249
Los Angeles Clippers,2024-25,1,50,32,4.66,115.1,110.3,4.8,97.5,0.251
Memphis Grizzlies,2024-25,1,48,34,4.85,117.7,113,4.7,103.3,0.249
Houston Rockets,2024-25,1,52,30,4.51,115.3,110.8,4.5,98.6,0.242
New York Knicks,2024-25,1,51,31,4.1,118.5,114.3,4.2,96.7,0.232
Denver Nuggets,2024-25,1,50,32,3.89,119.9,116,3.9,99.8,0.259
Golden State Warriors,2024-25,1,48,34,3.3,115,111.7,3.3,98.7,0.244
Milwaukee Bucks,2024-25,1,48,34,2.48,115.9,113.4,2.5,99.3,0.268
Indiana Pacers,2024-25,1,50,32,2.23,116.5,114.3,2.2,99.9,0.241
Detroit Pistons,2024-25,1,44,38,1.9,115,113.1,1.9,99.8,0.248
Los Angeles Lakers,2024-25,1,50,32,1.22,115.9,114.7,1.2,97.6,0.271
Miami Heat,2024-25,1,37,45,0.56,113.5,112.9,0.6,96.2,0.232
Sacramento Kings,2024-25,0,40,42,0.48,116.7,116.2,0.5,98.2,0.235
Orlando Magic,2024-25,1,41,41,-0.12,109.4,109.6,-0.2,96.1,0.269
Atlanta Hawks,2024-25,0,40,42,-1.13,114.6,115.7,-1.1,102.6,0.252
Dallas Mavericks,2024-25,0,39,43,-1.2,114.8,116,-1.2,99.2,0.263
Chicago Bulls,2024-25,0,39,43,-1.56,114.1,115.6,-1.5,102.8,0.214
San Antonio Spurs,2024-25,0,34,48,-2.76,114.4,117.2,-2.8,99.3,0.234
Portland Trail Blazers,2024-25,0,36,46,-2.98,111.7,114.7,-3,98.8,0.246
Phoenix Suns,2024-25,0,36,46,-3,116.2,119.3,-3.1,97.1,0.241
Toronto Raptors,2024-25,0,30,52,-4.29,110.5,114.8,-4.3,99.7,0.232
Philadelphia 76ers,2024-25,0,24,58,-6.23,111.9,118.2,-6.3,97.4,0.257
Brooklyn Nets,2024-25,0,26,56,-7.11,108.5,115.8,-7.3,96.4,0.24
Utah Jazz,2024-25,0,17,65,-9.34,111.2,120.4,-9.2,100,0.252
Charlotte Hornets,2024-25,0,19,63,-9.11,107.3,116.6,-9.3,97.6,0.222
New Orleans Pelicans,2024-25,0,21,61,-9.43,110.4,119.9,-9.5,99.1,0.244
Washington Wizards,2024-25,0,18,64,-12.44,106.8,119.1,-12.3,100.9,0.229
